Name,Latitude,Longitude
"Arthala, Wazirabad Road, Ghaziabad, Uttar Pradesh, 201007, India",28.676999,77.3918919
"Ashok Park Main, Rohtak Road, Rampura, Punjabi Bagh, Saraswati Vihar Tehsil, West Delhi, Delhi, 110035, India",28.6716045,77.155291
"Ashram, Mathura Road, Friends Colony, Okhla, Defence Colony Tehsil, South East Delhi, Delhi, 110065, India",28.5724231,77.2585979
"Azadpur (Pink Line), Mahatma Gandhi Marg, Jailer Wala Bagh, Model Town Tehsil, North Delhi, Delhi, 110009, India",28.7057821,77.1819488
"Badarpur Border, Mathura Road, Badarpur, Sarita Vihar Tehsil, South East Delhi, Delhi, 110044, India",28.493282999999998,77.3033656665284
Badkhal Mor,,
"Bahadurgarh City, Najafgarh Bahadurgarh Road, Bahadurgarh, Jhajjar, Haryana, 124507, India",28.6907783,76.9354807
"Barakhamba Road, Shankar Market, Chanakya Puri Tehsil, New Delhi, Delhi, 110001, India",28.62803615,77.22784415
"Bata Chowk, Mathura Road, Krishna Nagar, Faridabad, Haryana, 121001, India",28.38594425,77.31343424673844
"Bhikaji Cama Place, Shaheed Sudhir Tyagi Marg, Netaji Nagar Market, Netaji Nagar, Vasant Vihar Tehsil, New Delhi, Delhi, 110023, India",28.5702618,77.1878709
"Ботанический сад, 1-я улица Леонова, район Ростокино, Москва, Центральный федеральный округ, 127490, Россия",55.8448445,37.6382462
"Brigadier Hoshiyar Singh, SH22, Bahadurgarh, Jhajjar, Haryana, 124507, India",28.6974603,76.9192027
"Central Secretariat, Rafi Ahmed Kidwai Marg, Chanakya Puri Tehsil, New Delhi, Delhi, 110004, India",28.6158758,77.2123449
"Chandni Chowk, Old Delhi, Kotwali Tehsil, Central Delhi, Delhi, 110006, India",28.6559834,77.2321937
"Chawri Bazar, Chawri Bazaar, Old Delhi, Kotwali Tehsil, Central Delhi, Delhi, 110006, India",28.65018033165322,77.22946140249951
"Chhatarpur, Madhya Pradesh, India",24.760608949999998,79.67817759088484
"Chirag Delhi, Hauz Khas Tehsil, South Delhi, Delhi, India",28.5381411,77.2280694
"Civil Lines Tehsil, Central Delhi, Delhi, India",28.6806862,77.2225999
"Dabri Mor - Janakpuri South, Dabri Mor Flyover, Janakpuri, Dwarka Tehsil, South West Delhi, Delhi, 110058, India",28.61572,77.0851893
"Dashrath Puri, Dabri Palam Road, Dabri Village, DABRI, Dwarka Tehsil, South West Delhi, Delhi, 110045, India",28.60185,77.0823751
"Delhi Aerocity, Mahipalpur Flyover, Mahipalpur, Vasant Vihar Tehsil, New Delhi, Delhi, 110037, India",28.5487786,77.1207949
"Delhi Cantonment, New Delhi, Delhi, India",28.5888565,77.132399
"Delhi Gate, Bahadur Shah Zafar Marg, Kotwali Tehsil, Central Delhi, Delhi, 110002, India",28.6392174,77.2407795
"Dhansa Bus Stand, Najafgarh Dhansa Road, Najafgarh, Najafgarh Tehsil, South West Delhi, Delhi, 110043, India",28.6119086,76.9785264
"Dhaula Kuan, NH48, Arjun Vihar, Dhaula Kuan, Delhi Cantonment, New Delhi, Delhi, 110010, India",28.5918719,77.1617158
"Dilli Haat - INA, Aurobindo Marg, Kidwai Nagar, Vasant Vihar Tehsil, New Delhi, Delhi, 110029, India",28.5741693,77.2092708
"Dilshad Garden, GT Road, Jeevan Sarita, Dilshad Garden, Vivek Vihar Tehsil, Shahdara, Delhi, 110095, India",28.6758864,77.32144601267456
"Durgabai Deshmukh South Campus, Mahatma Gandhi Marg, Delhi Cantonment, Vasant Vihar Tehsil, New Delhi, Delhi, 110021, India",28.5892816,77.1694377
"Dwarka, Okhamandal Taluka, Devbhumi Dwaraka, Gujarat, 361335, India",22.2408009,68.9662602
"Dwarka Mor, Shivaji Marg, R Block, Nawada, West Delhi, Delhi, 110059, India",28.61931,77.0332792
"Dwarka Sector 8, Road 205, Delhi Cantonment, Sector 21, New Delhi, Dwarka Tehsil, South West Delhi, Delhi, 110077, India",28.5656109,77.0670366
"Dwarka Sector 9, Road 205, Delhi Cantonment, Sector 9, Dwarka, Dwarka Tehsil, South West Delhi, Delhi, 110077, India",28.574272,77.0653316
"Dwarka Sector 10, Road 224, Sector 10, Dwarka, Dwarka Tehsil, South West Delhi, Delhi, 110077, India",28.5810577,77.0574996
"Dwarka Sector 11, Road 221, Sector 11, Dwarka, Dwarka Tehsil, South West Delhi, Delhi, 110075, India",28.586443,77.0494433
"Dwarka Sector 12, Road 205, Sector 12, Dwarka, Dwarka Tehsil, South West Delhi, Delhi, 110078, India",28.5922362,77.0407315
"Dwarka Sector 13, Internal road, metro view apartments, Sector 13, Dwarka, Dwarka Tehsil, South West Delhi, Delhi, 110078, India",28.597009,77.0335407
"Dwarka Sector 14, Road 205, Sector 13, Dwarka, Dwarka Tehsil, South West Delhi, Delhi, 110078, India",28.6022218,77.0259765
"Dwarka Sector 21, Dwarka Sector 21 Underpass, Dwarka, Kapashera Tehsil, South West Delhi, Delhi, 110061, India",28.5519218,77.0585605
"Airport express, Heydər Əliyev pr., Nizami rayonu, Bakı İnzibati Ərazisi, Azərbaycan",40.4215322,49.9166003
"East Azad Nagar, Road Number 57, Bihari Colony, Vivek Vihar Tehsil, Shahdara, Delhi, 110032, India",28.6646764,77.2848431
"East Vinod Nagar - Mayur Vihar - II, Rohit Khatri Marg, East Vinod Nagar, Mayur Vihar, Mayur Vihar Tehsil, East Delhi, Delhi, 110091, India",28.6200437,77.3054069
"Escorts Mujesar, Mathura Road, Sector 11, Faridabad, Haryana, 121001, India",28.370078499999998,77.31492286994653
"ESI - Basaidarapur, Ring Road, West Delhi, Delhi, 110026, India",28.6580809,77.1272304
"Ghevra, NH9, Kanjhawalan Tehsil, North West Delhi, Delhi, 110072, India",28.6852384,76.9961591
"Ghitorni, Vasant Vihar Tehsil, New Delhi, Delhi, 110047, India",28.4931214,77.1424868
"Gokulpuri, Wazirabad Road, Yamuna Vihar, Yamuna Vihar Tehsil, North East Delhi, Delhi, 110093, India",28.7024752,77.2861253
"Golf Course, Shaheed Captain Shashikant Sharma Marg, Nithari, Noida, Dadri, Gautam Buddha Nagar, Uttar Pradesh, 201301, India",28.5673755,77.3463247
"Govindpuri, Govindnagar Flyover, Kanpur, Kanpur Nagar, Uttar Pradesh, 208006, India",26.4536771,80.312879
"Greater Kailash, Ho Chi Minh Marg, Alaknanda, Kalkaji Tehsil, South East Delhi, Delhi, 110048, India",28.5419077,77.2384925
"Green Park, Piccadilly, St. James's, Mayfair, London, Greater London, England, W1J 8HY, United Kingdom",51.5066192,-0.1429113
"GTB Nagar, Mahatma Gandhi Marg, Mukherjee Nagar, Civil Lines Tehsil, Model Town Tehsil, North Delhi, Delhi, 110009, India",28.6981333,77.2063998
"Guru Dronacharya, Mehrauli Gurgaon Road, Sector 24, Gurgaon, Gurugram, Haryana, 122010, India",28.4820212,77.1022685
"Haiderpur Badli Mor, Outer Ring Road, Govind Mohalla, Alipur Tehsil, North Delhi, Delhi, 110089, India",28.7299398,77.1491044
"Harkesh Nagar Okhla, Ram Dulari Tundelkar Ji Road, Okhla Phase - II, Sarita Vihar Tehsil, South East Delhi, Delhi, 110076, India",28.5431808,77.275351
"Hauz Khas, Hauz Khas Tehsil, South Delhi, Delhi, India",28.54980865,77.20776381852018
"Hindon River, Uttar Pradesh, India",29.1919301,77.481131
"Millennium City Centre Gurugram, Flyover, Sector 29, Gurgaon, Gurugram, Haryana, 122022, India",28.4593429,77.0726571
"IFFCO Chowk, August Kranti Marg, IFFCO Chowk, Sector 29, Gurgaon, Gurugram, Haryana, 122022, India",28.4723277,77.0724222
"Indian Institute of Technology Delhi, JC Bose Marg, Hauz Khas, Hauz Khas Tehsil, South Delhi, Delhi, 110067, India",28.54499705,77.18915056744521
"Inderlok (Red Line), Inderlok Metro Station, Maharaja Nahar Singh Marg, Shanti Nagar, Saraswati Vihar Tehsil, North West Delhi, Delhi, 110052, India",28.6735891,77.1703467
"Indira Gandhi International Airport, Aerocity Underpass, Bana Singh Enclave, Vasant Vihar Tehsil, New Delhi, Delhi, 110010, India",28.5551678,77.08473721064372
"Indraprastha, Mahatma Gandhi Marg, Kotwali Tehsil, Central Delhi, Delhi, 110503, India",28.6206019,77.249551
"IP Extension, Road Number 57A, Indraprastha Extension, Preet Vihar Tehsil, East Delhi, Delhi, 110092, India",28.6319012,77.31073275633294
"伊東市, 静岡県, 日本",34.9656621,139.101729
"Jaffrabad, Jafrabad Main Road, Gorakh Park, Babarpur, Shahdara Tehsil, Shahdara, Delhi, 110053, India",28.6826822,77.2748055
"Jahangirpuri, Mall Road Extension, Jahangir Puri, Model Town Tehsil, North Delhi, Delhi, 110033, India",28.7259717,77.162658
"Jama Masjid, Meena Bazaar, Old Delhi, Kotwali Tehsil, Central Delhi, Delhi, 110006, India",28.6506822,77.23296096363757
"Jamia Millia Islamia, Main road, Zakir Bagh, Defence Colony Tehsil, South East Delhi, Delhi, 110025, India",28.55849025,77.28116473551759
"Janakpuri East, Shivaji Marg, Vikaspuri, Rajouri Garden Tehsil, West Delhi, Delhi, 110018, India",28.633027,77.086709
"Janakpuri West, Shivaji Marg, Vikaspuri, West Delhi, Delhi, 110018, India",28.6295839,77.078085
"Jangpura, Shri Kuldeep Singh Gujral Marg, Defence Colony Tehsil, South East Delhi, Delhi, 110014, India",28.5830386,77.2393151
"Janpath, Connaught Place, Chanakya Puri Tehsil, New Delhi, Delhi, 110001, India",28.6240485,77.2192587
"Jasola Apollo, Okhla Estate Marg Flyover, Sarita Vihar Tehsil, South East Delhi, Delhi, 110076, India",28.53815975,77.2832547762401
"Jasola Vihar Shaheen Bagh, DND-KMP Expressway, Jasola, Shaheen Bagh, Sarita Vihar Tehsil, South East Delhi, Delhi, 110044, India",28.5458279,77.2966578
"Jawaharlal Nehru Stadium, Bhishma Pitamah Marg, Kasturba Nagar, South Extension, Defence Colony Tehsil, South East Delhi, Delhi, 110003, India",28.58337705,77.23354040287734
"Jhandewalan, Panchkuian Road, Jhandewalan, Chanakya Puri Tehsil, New Delhi, Central Delhi, Delhi, 110055, India",28.6443188,77.1999165
"Jhilmil, G.T Road, Jeevan Sarita, Dilshad Garden, Vivek Vihar Tehsil, Shahdara, Delhi, 110095, India",28.6757197,77.3123949
"Johri Enclave, Loni Road, Loni, Ghaziabad, Karawal Nagar Tehsil, Ghaziabad, Uttar Pradesh, 110094, India",28.7128806,77.2901293
"Jor Bagh, Aurobindo Marg, Jor Bagh, Chanakya Puri Tehsil, New Delhi, Defence Colony Tehsil, South East Delhi, Delhi, 100011, India",28.5865094,77.2125273
"Kailash Colony, Kalkaji Tehsil, South East Delhi, Delhi, 110048, India",28.5530522,77.2429694
"Kalindi Kunj, Amrapali Marg, Shaheen Bagh, Sarita Vihar Tehsil, South East Delhi, Delhi, 201313, India",28.542916,77.3101107
"Kalkaji Mandir, Nehru Place Road, Nehru Place, Kalkaji Tehsil, South East Delhi, Delhi, 110019, India",28.5503522,77.2569441
"Kanhaiya Nagar, Kanhiya Nagar Metro Station, Maharaja Nahar Singh Marg, Shanti Nagar, Saraswati Vihar Tehsil, North West Delhi, Delhi, 110035, India",28.6824082,77.1647754
"Karkarduma (Pink Line), Karkarduma Metro Station (Pink Line), Bhartendu Harish Chandra Marg, Dayanand Vihar, Vivek Vihar Tehsil, Shahdara, Delhi, 110051, India",28.6493434,77.3060686
"Karkarduma Court, Karkardooma Court Metro Station, Maharaj Surajmal Marg, Karkarduma, Vivek Vihar Tehsil, Shahdara, Delhi, 110051, India",28.6536001,77.2957877
"Karol Bagh Tehsil, Central Delhi, Delhi, 110055, India",28.6529982,77.1890227
"Kashmere Gate, Old Delhi, Kotwali Tehsil, Central Delhi, Delhi, 110006, India",28.6655672,77.228819
"Kaushambi, Uttar Pradesh, India",25.5342456,81.44935673966953
"Keshav Puram, Maharaja Nahar Singh Marg, Shanti Nagar, Saraswati Vihar Tehsil, North West Delhi, Delhi, 110035, India",28.6889264,77.1616833
"Khan Market, Lodhi Estate, Rabindra Nagar, Chanakya Puri Tehsil, New Delhi, Delhi, 110003, India",28.599514096661764,77.22597849533805
"Kirti Nagar (Green Line), Shadipur Flyover, Shadipur, Patel Nagar, West Delhi, Delhi, 110015, India",28.6545409,77.1513605
"Krishna Nagar, Ward 96 Yousufguda, Greater Hyderabad Municipal Corporation Central Zone, Hyderabad, Shaikpet mandal, Hyderabad, Telangana, 500045, India",17.4330523,78.4246746
"Kohat Enclave, Power House Road, Pitampura, Saraswati Vihar Tehsil, North West Delhi, Delhi, 110034, India",28.6980415,77.1405393
"Lajpat Nagar, Defence Colony Tehsil, South East Delhi, Delhi, 110065, India",28.5660924,77.2432851
"LaL QiLa, 3, Nelkenweg, Siemens-Siedlung, Obersendling, Thalkirchen-Obersendling-Forstenried-Fürstenried-Solln, München, Bayern, 81379, Deutschland",48.1012859,11.5238504
"Laxmi Nagar, Great Nicobar, Nicobar, Andaman and Nicobar Islands, India",6.8952194,93.8898315
"Lok Kalyan Marg, Tughlaq Road, Safdarjung, Chanakya Puri Tehsil, New Delhi, Delhi, 110011, India",28.5973513,77.2110967
"Madipur, Rohtak Road, Punjabi Bagh Tehsil, West Delhi, Delhi, 110056, India",28.6764752,77.1193599
Maharaja Surajmal Stadium,,
"Majlis Park, Arihant Marg, Model Town Tehsil, North Delhi, Delhi, 110033, India",28.7244312,77.181964
"Major Mohit Sharma Rajendra Nagar, GT Road, Shaheed Nagar, Rajendra Nagar, Ghaziabad, Uttar Pradesh, 201011, India",28.6776112,77.3581426
"Malviya Nagar, Hauz Khas Tehsil, South Delhi, Delhi, India",28.5339201,77.2124474
"Mandawali - West Vinod Nagar, Shri Hanuman Marg, Indraprastha Extension, Preet Vihar Tehsil, East Delhi, Delhi, 110091, India",28.624979,77.3044525
"Mandi House, Sikandra Road, Connaught Place, Chanakya Puri Tehsil, New Delhi, Delhi, 020626, India",28.6255149,77.2341926
"Mansarovar Park, Mansrovar Park Metro Station, G.T Road, Jhilmil Colony, Vivek Vihar, Vivek Vihar Tehsil, Shahdara, Delhi, 110095, India",28.675385,77.3008678
"Maujpur-Babarpur, Jafrabad Main Road, Gorakh Park, Babarpur, Shahdara Tehsil, Shahdara, Delhi, 110053, India",28.6920781,77.2796973
"Mayapuri, Mayapuri Road, Naraina, Delhi Cantonment, New Delhi, Delhi, 110027, India",28.6371795,77.1297333
"Mayur Vihar - I (Blue Line), Dadri Road, Mayur Vihar I Pocket - 4, Mayur Vihar, Mayur Vihar Tehsil, East Delhi, Delhi, 110091, India",28.604064,77.2895398
"Mayur Vihar Extension, Mayur Vihar Flyover, Mayur Vihar Tehsil, East Delhi, Delhi, 110091, India",28.59419145,77.29462345
"Mayur Vihar I Pocket - 4, Mayur Vihar, Mayur Vihar Tehsil, East Delhi, Delhi, 110091, India",28.603133,77.2925892
Mewla Maharajpur,,
"Mahatma Gandhi Road, Tasker Town, Shanthala Nagar, Bengaluru, Bangalore North, Bengaluru Urban, Karnataka, 560001, India",12.9755264,77.6067902
"Model Town, Model Town Tehsil, North Delhi, Delhi, India",28.707334,77.1885231
"Mohan Estate, Mathura Road, Sarita Vihar Tehsil, South East Delhi, Delhi, 110044, India",28.519589500000002,77.29458455034757
"Mohan Nagar, GT Road, Rajendra Nagar, Ghaziabad, Uttar Pradesh, 201005, India",28.6785372,77.3840026
"MOOLCHAND, Dehradun, Uttarakhand, 248001, India",30.31840995,78.06894510240775
"Moti Nagar, Shivaji Marg, West Delhi, Delhi, 110026, India",28.657859,77.1424288
"Mundka, Punjabi Bagh Tehsil, West Delhi, Delhi, 110041, India",28.6819261,77.0308105
"Mundka Industrial Area, Rohtak Road, Kammruddin Nagar, Mundka, Punjabi Bagh Tehsil, West Delhi, Delhi, 110041, India",28.6833701,77.0171485
"Munirka, Vasant Vihar Tehsil, New Delhi, Delhi, 110057, India",28.554886,77.1710841
"Najafgarh, Shivaji Marg, Najafgarh, Najafgarh Tehsil, South West Delhi, Delhi, 110043, India",28.6124504,76.9865067
"Nangli, Shivaji Marg, Gemini Park, Najafgarh, Dwarka Tehsil, South West Delhi, Delhi, 110043, India",28.6173003,77.0104375
"Nangloi, Rohtak Road, Kammruddin Nagar, Mundka, Punjabi Bagh Tehsil, West Delhi, Delhi, 110041, India",28.6862813,77.0573608
"Nangloi Railway Station, Rohtak Road, Kammruddin Nagar, Mundka, Punjabi Bagh Tehsil, West Delhi, Delhi, 110041, India",28.6822009,77.0562463
"Naraina Vihar, Mahatma Gandhi Marg, Naraina, Delhi Cantonment, New Delhi, Delhi, 110028, India",28.6243852,77.1364438
"Nawada, Bihar, India",24.817324900000003,85.51790846584018
"Neelam Chowk Ajronda, Mathura Road, Arjondi, New Industrial Township, Faridabad, Haryana, 121001, India",28.3976584,77.31235576454071
"Nehru Enclave, Outer Ring Road, Greater Kailash, Kalkaji Tehsil, South East Delhi, Delhi, 110019, India",28.5460584,77.2515057
"Nehru Place, Kalkaji Tehsil, South East Delhi, Delhi, India",28.54925735,77.25295262558924
"Netaji Subhash Place (Red Line), Red Line - Pink Line, Pacific Mall Pathway, Shalimar Bagh, Saraswati Vihar Tehsil, North West Delhi, Delhi, 110035, India",28.6960485,77.1524856
"New Ashok Nagar, New Ashok Nagar Road, Mayur Vihar Tehsil, East Delhi, Delhi, 110091, India",28.5890885,77.3015085
"New Delhi, Babu Ram Solanki Marg, Ram Nagar, Old Delhi, Kotwali Tehsil, Central Delhi, Delhi, 110055, India",28.64308585,77.21926705734865
NHPC Chowk,,
"Nirman Vihar, Nirman Vihar Metro Station, Vikas Marg, D Block, Laxmi Nagar, Preet Vihar Tehsil, East Delhi, Delhi, 110051, India",28.6364592,77.2868145
"Noida City Centre, Shaheed Captain Shashikant Sharma Marg, Sector 35, Noida City Centre, Noida, Dadri, Gautam Buddha Nagar, Uttar Pradesh, 201301, India",28.5747334,77.3561638
"Noida Electronic City, Shaheed Hawaldar Padam Singh Dhama Marg, Ghaziabad, Uttar Pradesh, 201309, India",28.6282627,77.3750033
"Noida Sector 15, Lieutenant Vijyant Thapar Marg, Chilla, Noida, Dadri, Gautam Buddha Nagar, Uttar Pradesh, 201301, India",28.5848835,77.3116118
"Noida Sector 16, Lieutenant Vijyant Thapar Marg, Sector 18, Noida, Dadri, Gautam Buddha Nagar, Uttar Pradesh, 201301, India",28.578081,77.3177778
"Noida Sector 18, Lieutenant Vijyant Thapar Marg, Sector 18, Noida, Dadri, Gautam Buddha Nagar, Uttar Pradesh, 201301, India",28.5707583,77.3260756
"Noida Sector 34, Shaheed Captain Shashikant Sharma Marg, Noida City Centre, Noida, Dadri, Gautam Buddha Nagar, Uttar Pradesh, 201301, India",28.5802538,77.3634917
"Noida Sector 52, Shaheed Captain Shashikant Sharma Marg Underpass, Noida, Dadri, Gautam Buddha Nagar, Uttar Pradesh, 201301, India",28.5868739,77.3730237
"Noida Sector 59, Shaheed Hawaldar Padam Singh Dharma Marg, Mamura, Noida, Dadri, Gautam Buddha Nagar, Uttar Pradesh, 201301, India",28.6065246,77.3727211
"Noida Sector 61, Shaheed Hawaldar Padam Singh Dharma Marg, Mamura, Noida, Dadri, Gautam Buddha Nagar, Uttar Pradesh, 201301, India",28.5975854,77.3722663
"Noida Sector 62, Shaheed Hawaldar Padam Singh Dharma Marg, Mamura, Noida, Dadri, Gautam Buddha Nagar, Uttar Pradesh, 201301, India",28.6169861,77.3735885
"Okhla Bird Sanctuary, Noida, Dadri, Defence Colony Tehsil, Gautam Buddha Nagar, Uttar Pradesh, 201301, India",28.556986600000002,77.30900309623888
"Okhla NSIC, Outer Ring Road, Kalkaji Tehsil, South East Delhi, Delhi, 110019, India",28.55451235,77.26494133984127
"Okhla Vihar, Abul Fazal Road, Jasola, Shaheen Bagh, Defence Colony Tehsil, South East Delhi, Delhi, 110025, India",28.5613002,77.2919304
"Old Faridabad, Faridabad, Haryana, 121001, India",28.4234963,77.3240399
"Palam, Dwarka Tehsil, South West Delhi, Delhi, 110045, India",28.5918933,77.0828242
"Panchsheel Park, Ho Chi Minh Marg, Saomi Nagar, Hauz Khas Tehsil, South Delhi, Delhi, 110017, India",28.5423747,77.2210916
"Pandit Shree Ram Sharma, NH9, Bahadurgarh, Jhajjar, Haryana, 124507, India",28.689281,76.9511988
"Paschim Vihar East, Rohtak Road, Punjabi Bagh Tehsil, West Delhi, Delhi, 110056, India",28.6773563,77.1122823
"Paschim Vihar West, A1/10 Ground floor, Rohtak Road, Punjabi Bagh Tehsil, West Delhi, Delhi, 110063, India",28.67852,77.0997686
"Patel Chowk, Ashoka Road, Connaught Place, Chanakya Puri Tehsil, New Delhi, Delhi, 110001, India",28.6229664,77.214031
"Patel Nagar, Patel Road, South Patel Nagar, Patel Nagar, West Delhi, Delhi, 110008, India",28.6450127,77.1692817
"Peeragarhi, Punjabi Bagh Tehsil, West Delhi, Delhi, India",28.67731415,77.09310243597042
"Pitampura, Saraswati Vihar Tehsil, North West Delhi, Delhi, 110034, India",28.6995123,77.1301047
"Pratap Nagar, Pratap Nagar Metro Station, Dina Nath Road, Sarai Rohilla, Civil Lines Tehsil, Central Delhi, Delhi, 110007, India",28.6667177,77.1988974
"Preet Vihar, Preet Vihar Metro Station, Vikas Marg, D Block, Indraprastha Extension, Preet Vihar Tehsil, East Delhi, Delhi, 110051, India",28.6414409,77.2952594
"Pul Bangash Metro Station, Pul Bangash, Rani Jhansi Road, Bara Hindu Rao, Civil Lines Tehsil, Central Delhi, Delhi, 110007, India",28.6663751,77.20752911898111
"Punjabi Bagh, Rohtak Road, Rampura, Punjabi Bagh, Saraswati Vihar Tehsil, North West Delhi, Delhi, 110035, India",28.672995,77.1461239
"Punjabi Bagh West, Ring Road, Saraswati Vihar Tehsil, North West Delhi, Delhi, 110026, India",28.6727671,77.1391976
"Qutab Minar, Anuvrat Marg, Lado Sarai, Saket Tehsil, South Delhi, Delhi, 110030, India",28.512951,77.1864532
"R. K. Puram, IIT Flyover, Hauz Khas, Vasant Vihar Tehsil, New Delhi, Hauz Khas Tehsil, South Delhi, Delhi, 110066, India",28.5503805,77.1855231
"Raja Nahar Singh, Mathura Road, Rarehra Khera, Ballabgarh, Faridabad, Haryana, 121004, India",28.340002,77.3164509
"Raj Bagh, GT Road, Shaheed Nagar, Rajendra Nagar, Ghaziabad, Uttar Pradesh, 201011, India",28.6770876,77.3468279
"Rajdhani Park, Rohtak Road, Kammruddin Nagar, Mundka, Punjabi Bagh Tehsil, West Delhi, Delhi, 110041, India",28.6823085,77.0439437
"Rajendra Place, Pusa Road, Karol Bagh Tehsil, Central Delhi, Delhi, 110060, India",28.6424955,77.1782756
"Rajiv Chowk, Connaught Place, Chanakya Puri Tehsil, New Delhi, Delhi, 110001, India",28.6327786,77.2196985
"Rajouri Garden (Pink Line), Ring Road, Rajouri Garden, West Delhi, Delhi, 110027, India",28.6511896,77.1242597
"Ramakrishna Ashram Marg, Panchkuian Road, Connaught Place, Chanakya Puri Tehsil, New Delhi, Delhi, 110055, India",28.6392436,77.2085787
"Ramesh Nagar, Shivaji Marg, West Delhi, Delhi, 110026, India",28.6527444,77.1316496
"Rithala, Ram Murthi Pasi Marg, Sector 11, Rohini, Rohini Tehsil, North West Delhi, Delhi, 110085, India",28.7208064,77.1071813
"Rohini East, Road Number B-5, Sector 14, Rohini, Alipur Tehsil, North Delhi, Delhi, 110089, India",28.7076609,77.1259664
"Sector 18, Rohini, Alipur Tehsil, North Delhi, Delhi, India",28.73635755,77.13563584411656
"Sector 19, Rohini, Alipur Tehsil, North Delhi, Delhi, India",28.7322834,77.13879891933696
"Rohini West, HL Parwana Road, Sector 7, Rohini, Rohini Tehsil, North West Delhi, Delhi, 110085, India",28.7149569,77.115385
"Sadar Bazaar Cantonment, Dwarka-Palam Road, Delhi Cantonment, New Delhi, Delhi, 110010, India",28.5771941,77.1111696
"Saket, Mehrauli Badarpur Road, Lado Sarai, Hauz Khas Tehsil, South Delhi, Delhi, 110030, India",28.521168,77.2022237
"Samaypur Badli, Samaypur Underpass, Samaipur Badli, Alipur Tehsil, North Delhi, Delhi, 110089, India",28.7446411,77.1382701
"Sant Surdas (Sihi), Mathura Road, Sector 11, Faridabad, Haryana, 121001, India",28.3546659,77.31624738616993
"Сараи, Сараевское городское поселение, Сараевский район, Рязанская область, Центральный федеральный округ, 391870, Россия",53.7212373,40.9967135
"Sarai Kale Khan - Nizamuddin, Mahatma Gandhi Marg, Defence Colony Tehsil, South East Delhi, Delhi, 110013, India",28.5887494,77.2572494
"Sarita Vihar, Defence Colony Tehsil, South East Delhi, Delhi, India",28.5334785,77.2935232
"Sarojini Nagar, Cross Road Number 3, Sarojini Nagar, Vasant Vihar Tehsil, New Delhi, Delhi, 110023, India",28.575817,77.1980786
"Satguru Ram Singh Marg, Naraina, Delhi Cantonment, New Delhi, Delhi, 110027, India",28.6374618,77.13011789999999
"Sector 28, Mathura Road Flyover, Mewala Maharajpur, Faridabad, Haryana, 121001, India",28.4382044,77.3090566900561
"Seelampur, Ajit Nagar Gali No. 5, Ajit Nagar, Vivek Vihar Tehsil, Shahdara, Delhi, 110031, India",28.6698165,77.2668137
"Shadipur, Patel Road, Guru Arjun Nagar, Patel Nagar, West Delhi, Delhi, 110008, India",28.6515829,77.1582587
"Shahdara, Delhi, India",28.6758661,77.29850776650815
"Shaheed Nagar, GT Road, Shaheed Nagar, Rajendra Nagar, Ghaziabad, Uttar Pradesh, 201011, India",28.6766619,77.3339154
"Shaheed Sthal, Mahamaya Stadium Road, Ghaziabad, Uttar Pradesh, 201001, India",28.6706449,77.4154736
"Shakurpur, Mahatma Gandhi Road, Shalimar Bagh, Saraswati Vihar Tehsil, North West Delhi, Delhi, 110035, India",28.6857668,77.1496094
"Shalimar Bagh, Nishat Harwan Road, Nishat, Tailbal(Habak Shanpora), Srīnagar, Srinagar, Jammu and Kashmir, 191123, India",34.14970725,74.87322796324241
"Shankar Vihar, New Delhi, Delhi, 110010, India",28.55743865,77.13966548999556
"Shastri Nagar, Swami Narayan Marg, Moti Bagh (East), Sarai Rohilla, Civil Lines Tehsil, Central Delhi, Delhi, 110052, India",28.6700885,77.1818589
"Shastri Park, Footover Bridge, Seelampur, Seelam Pur Tehsil, North East Delhi, Delhi, 420420, India",28.6684339,77.2505301
"Shiv Vihar, West Delhi, Delhi, India",28.6481226,77.05061238963813
"Shivaji Park, G/N Ward, Zone 2, Mumbai, Mumbai City, Maharashtra, India",19.02727875,72.83839774905661
"Shivaji Stadium, Baba Kharak Singh Marg, Connaught Place, Chanakya Puri Tehsil, New Delhi, Delhi, 110001, India",28.6288963,77.2113218
"Shyam Park, GT Road, Rajendra Nagar, Ghaziabad, Uttar Pradesh, 201005, India",28.6782281,77.3706454
"Sikanderpur, Mehrauli Gurgaon Road, Sector 25, Gurgaon, Gurugram, Haryana, 122010, India",28.4812716,77.0930017
"Sir M. Vishweshwaraiah Moti Bagh, Rao Tula Ram Marg, Moti Bagh, Vasant Vihar Tehsil, New Delhi, Delhi, 110022, India",28.5785326,77.175741
"South Extension, Mahatma Gandhi Marg, Kotla Mubarak, South Extension, Defence Colony Tehsil, South East Delhi, Delhi, 110049, India",28.5685664,77.2205677
"Subhash Nagar, Shivaji Marg, Block 4, Tilak Nagar Industrial Area, Rajouri Garden Tehsil, West Delhi, Delhi, 110064, India",28.6404628,77.1052347
"Sukhdev Vihar, MP Road, Pkt B, Kalkaji Tehsil, South East Delhi, Delhi, 110025, India",28.5597477,77.2749004
"Sultanpur, Uttar Pradesh, India",26.260473150000003,82.23805321467546
"Supreme Court, ITO Skywalk, Chanakya Puri Tehsil, New Delhi, Kotwali Tehsil, Central Delhi, Delhi, 110002, India",28.6216268,77.23908617808567
"Tagore Garden, Shivaji Marg, Block 4, Tilak Nagar Industrial Area, Rajouri Garden Tehsil, West Delhi, Delhi, 110027, India",28.6437639,77.1128454
"Terminal 1 IGI Airport, Uber Ola pickup road, Delhi Cantonment, New Delhi, Delhi, 110010, India",28.564835,77.1226566
"Tikri Border, NH9, Punjabi Bagh Tehsil, West Delhi, Delhi, 110072, India",28.6880254,76.9640828
"Tikri Kalan, NH9, Punjabi Bagh Tehsil, West Delhi, Delhi, 110072, India",28.6868849,76.9772082
"Tilak Nagar, Shivaji Marg Flyover, Tilak Nagar Industrial Area, Rajouri Garden Tehsil, West Delhi, Delhi, 110018, India",28.6365482,77.0964961
"Tis Hazari, Tis Hazari Metro Station, Lala Hardev Sahai Marg, Civil Lines, Civil Lines Tehsil, Central Delhi, Delhi, 110006, India",28.6671626,77.2166306
"Trilokpuri Sanjay Lake, Kotla Road, Trilok Puri, Trilokpuri, Mayur Vihar Tehsil, East Delhi, Delhi, 110096, India",28.613453,77.3088549
"Tughlakabad, Mathura Road, Badarpur, Sarita Vihar Tehsil, South East Delhi, Delhi, 110044, India",28.5034421,77.2970508
"Udyog Bhawan, Maulana Azad Road, Chanakya Puri Tehsil, New Delhi, Delhi, 110011, India",28.6103927,77.213107
"Udyog Nagar, Rohtak Road, Nangloi, Punjabi Bagh Tehsil, West Delhi, Delhi, 110083, India",28.681103,77.0808492
"Uttam Nagar East, Shivaji Marg, Nawada, West Delhi, Delhi, 110059, India",28.6248465,77.0652861
"Uttam Nagar West, Shivaji Marg, R Block, Nawada, West Delhi, Delhi, 110059, India",28.621757,77.0557122
"Vaishali, Bihar, India",25.74917025,85.39721640385531
"Vasant Vihar, Munirka Marg, Vasant Vihar, Delhi Cantonment, Vasant Vihar Tehsil, New Delhi, Delhi, 110057, India",28.557827,77.1611168
"Vidhan Sabha, Ashok Marg, Ganesh Ganj, Lucknow, Uttar Pradesh, 226001, India",26.843382,80.94401840165287
"Vinobapuri, Mahatma Gandhi Marg, Lajpat Nagar III, Lajpat Nagar, Defence Colony Tehsil, South East Delhi, Delhi, 110065, India",28.565871,77.2492973
"Vishwa Vidyalaya, Mahatma Gandhi Marg, Chandrawal, Civil Lines Tehsil, Central Delhi, Delhi, 110054, India",28.6950772,77.2147459
"Welcome, Davidson County, North Carolina, 27374, United States",35.909136849999996,-80.25407273988517
"Yamuna Bank, Vikas Marg, Laxmi Nagar, East Delhi, Delhi, 110031, India",28.6233124,77.268013
"India International Convention and Expo Centre, Sector 25, Dwarka, Kapashera Tehsil, South West Delhi, Delhi, India",28.55195295,77.04267616843258
